<?xml version="1.0" encoding="UTF-8"?>
<uptime xmlns:xsi="http://www.w3.org/2001/XMLSchema-instance"
	xsi:schemaLocation="http://www.uptimesoftware.com/erdc/erdc erdc"
	xmlns="http://www.uptimesoftware.com/erdc/erdc"
	xmlns:upt="http://www.uptimesoftware.com/erdc/erdc" version="4.0" target_grouping="other">
	<class>Iplanet(Sun One) Web Server perf Monitor </class>
	<exec>com.uptimesoftware.uptime.erdc.MonitorCustomScriptRunner</exec>
	<elements>
		<element name="process" parameter_type="input" data_type="string" gui_basic="1" range_type="0">
			<control_options> size:40 </control_options>
			<default_value>scripts/MonitorIplanetPerf.bat</default_value>
			<short_description>Script Name</short_description>
			<long_description>Name of the script/binary/process to be executed by up.time </long_description>
			<validation_rule>
				<alphanumeric/>
			</validation_rule>
			<error_message>
				<alphanumeric>required field</alphanumeric>
			</error_message>
			<gui_type>
				<string/>
			</gui_type>
		</element>
			<group name="g_connectionQueueCurrent" switch="0">
			<short_description>connectionQueueCurrent</short_description>
			<long_description>Array</long_description>
			<element name='connectionQueueCurrent' parameter_type='output' data_type='integer'
			gui_basic='1' range_type='0' units=''>
				<control_options>size:8</control_options>
				<default_value></default_value>
				<short_description>connectionQueueCurrent</short_description>
				<long_description>connectionQueueCurrent</long_description>
				<validation_rule/>
				<error_message/>
				<gui_type>
					<integer/>
				</gui_type>
			</element>
		</group>
		<group name="g_connectionQueuePeak" switch="0">
			<short_description>connectionQueuePeak</short_description>
			<long_description>Array</long_description>
			<element name='connectionQueuePeak' parameter_type='output' data_type='integer'
			gui_basic='1' range_type='0' units=''>
				<control_options>size:8</control_options>
				<default_value></default_value>
				<short_description>connectionQueuePeak</short_description>
				<long_description>connectionQueuePeak</long_description>
				<validation_rule/>
				<error_message/>
				<gui_type>
					<integer/>
				</gui_type>
			</element>
		</group>
		<group name="g_connectionTotalConnQueued" switch="0">
			<short_description>connectionTotalConnQueued</short_description>
			<long_description>Array</long_description>
			<element name='connectionTotalConnQueued' parameter_type='output' data_type='integer'
			gui_basic='1' range_type='0' units=''>
				<control_options>size:8</control_options>
				<default_value></default_value>
				<short_description>connectionTotalConnQueued</short_description>
				<long_description>connectionTotalConnQueued</long_description>
				<validation_rule/>
				<error_message/>
				<gui_type>
					<integer/>
				</gui_type>
			</element>
		</group>	
		<group name="g_connectionQueueLengthAvg" switch="0">
			<short_description>connectionQueueLengthAvg</short_description>
			<long_description>Array</long_description>
			<element name='connectionQueueLengthAvg' parameter_type='output' data_type='decimal'
			gui_basic='1' range_type='0' units=''>
				<control_options>size:8</control_options>
				<default_value></default_value>
				<short_description>connectionQueueLengthAvg</short_description>
				<long_description>connectionQueueLengthAvg</long_description>
				<validation_rule/>
				<error_message/>
				<gui_type>
					<integer/>
				</gui_type>
			</element>
		</group>
		<group name="g_connectionQueueDelayAvg" switch="0">
			<short_description>connectionQueueDelayAvg</short_description>
			<long_description>Array</long_description>
			<element name='connectionQueueDelayAvg' parameter_type='output' data_type='decimal'
			gui_basic='1' range_type='0' units=''>
				<control_options>size:8</control_options>
				<default_value></default_value>
				<short_description>connectionQueueDelayAvg</short_description>
				<long_description>connectionQueueDelayAvg</long_description>
				<validation_rule/>
				<error_message/>
				<gui_type>
					<integer/>
				</gui_type>
			</element>
		</group>
	<group name="g_listenSocketAcceptorThreads" switch="0">
			<short_description>listenSocketAcceptorThreads</short_description>
			<long_description>Array</long_description>
			<element name='listenSocketAcceptorThreads' parameter_type='output' data_type='integer'
			gui_basic='1' range_type='0' units=''>
				<control_options>size:8</control_options>
				<default_value></default_value>
				<short_description>listenSocketAcceptorThreads</short_description>
				<long_description>listenSocketAcceptorThreads</long_description>
				<validation_rule/>
				<error_message/>
				<gui_type>
					<integer/>
				</gui_type>
			</element>
		</group>		
			<group name="g_keepAliveCount" switch="0">
			<short_description>keepAliveCount</short_description>
			<long_description>Array</long_description>
			<element name='keepAliveCount' parameter_type='output' data_type='integer'
			gui_basic='1' range_type='0' units=''>
				<control_options>size:8</control_options>
				<default_value></default_value>
				<short_description>keepAliveCount</short_description>
				<long_description>keepAliveCount</long_description>
				<validation_rule/>
				<error_message/>
				<gui_type>
					<integer/>
				</gui_type>
			</element>
		</group>
		<group name="g_keepAliveHits" switch="0">
			<short_description>keepAliveHits</short_description>
			<long_description>Array</long_description>
			<element name='keepAliveHits' parameter_type='output' data_type='integer'
			gui_basic='1' range_type='0' units=''>
				<control_options>size:8</control_options>
				<default_value></default_value>
				<short_description>keepAliveHits</short_description>
				<long_description>keepAliveHits</long_description>
				<validation_rule/>
				<error_message/>
				<gui_type>
					<integer/>
				</gui_type>
			</element>
		</group>		
		<group name="g_keepAliveFlushes" switch="0">
			<short_description>keepAliveFlushes</short_description>
			<long_description>Array</long_description>
			<element name='keepAliveFlushes' parameter_type='output' data_type='integer'
			gui_basic='1' range_type='0' units=''>
				<control_options>size:8</control_options>
				<default_value></default_value>
				<short_description>keepAliveFlushes</short_description>
				<long_description>keepAliveFlushes</long_description>
				<validation_rule/>
				<error_message/>
				<gui_type>
					<integer/>
				</gui_type>
			</element>
		</group>		
		<group name="g_keepAliveRefusals" switch="0">
			<short_description>keepAliveRefusals</short_description>
			<long_description>Array</long_description>
			<element name='keepAliveRefusals' parameter_type='output' data_type='integer'
			gui_basic='1' range_type='0' units=''>
				<control_options>size:8</control_options>
				<default_value></default_value>
				<short_description>keepAliveRefusals</short_description>
				<long_description>keepAliveRefusals</long_description>
				<validation_rule/>
				<error_message/>
				<gui_type>
					<integer/>
				</gui_type>
			</element>
		</group>		
		<group name="g_keepAliveTimeouts" switch="0">
			<short_description>keepAliveTimeouts</short_description>
			<long_description>Array</long_description>
			<element name='keepAliveTimeouts' parameter_type='output' data_type='integer'
			gui_basic='1' range_type='0' units=''>
				<control_options>size:8</control_options>
				<default_value></default_value>
				<short_description>keepAliveTimeouts</short_description>
				<long_description>keepAliveTimeouts</long_description>
				<validation_rule/>
				<error_message/>
				<gui_type>
					<integer/>
				</gui_type>
			</element>
		</group>		
		<group name="g_activeSessionCount" switch="0">
			<short_description>activeSessionCount</short_description>
			<long_description>Array</long_description>
			<element name='activeSessionCount' parameter_type='output' data_type='integer'
			gui_basic='1' range_type='0' units=''>
				<control_options>size:8</control_options>
				<default_value></default_value>
				<short_description>activeSessionCount</short_description>
				<long_description>activeSessionCount</long_description>
				<validation_rule/>
				<error_message/>
				<gui_type>
					<integer/>
				</gui_type>
			</element>
		</group>		
		<group name="g_keepAliveSessionCount" switch="0">
			<short_description>keepAliveSessionCount</short_description>
			<long_description>Array</long_description>
			<element name='keepAliveSessionCount' parameter_type='output' data_type='integer'
			gui_basic='1' range_type='0' units=''>
				<control_options>size:8</control_options>
				<default_value></default_value>
				<short_description>keepAliveSessionCount</short_description>
				<long_description>keepAliveSessionCount</long_description>
				<validation_rule/>
				<error_message/>
				<gui_type>
					<integer/>
				</gui_type>
			</element>
		</group>	
		<group name="g_totalSessionCreationCount" switch="0">
			<short_description>totalSessionCreationCount</short_description>
			<long_description>Array</long_description>
			<element name='totalSessionCreationCount' parameter_type='output' data_type='integer'
			gui_basic='1' range_type='0' units=''>
				<control_options>size:8</control_options>
				<default_value></default_value>
				<short_description>totalSessionCreationCount</short_description>
				<long_description>totalSessionCreationCount</long_description>
				<validation_rule/>
				<error_message/>
				<gui_type>
					<integer/>
				</gui_type>
			</element>
		</group>
		<group name="g_cachedEntriesCount" switch="0">
			<short_description>cachedEntriesCount</short_description>
			<long_description>Array</long_description>
			<element name='cachedEntriesCount' parameter_type='output' data_type='integer'
			gui_basic='1' range_type='0' units=''>
				<control_options>size:8</control_options>
				<default_value></default_value>
				<short_description>cachedEntriesCount</short_description>
				<long_description>cachedEntriesCount</long_description>
				<validation_rule/>
				<error_message/>
				<gui_type>
					<integer/>
				</gui_type>
			</element>
		</group>	
		<group name="g_hitRatioPercentage" switch="0">
			<short_description>hitRatioPercentage</short_description>
			<long_description>Array</long_description>
			<element name='hitRatioPercentage' parameter_type='output' data_type='decimal'
			gui_basic='1' range_type='0' units='%'>
				<control_options>size:8</control_options>
				<default_value></default_value>
				<short_description>hitRatioPercentage</short_description>
				<long_description>hitRatioPercentage</long_description>
				<validation_rule/>
				<error_message/>
				<gui_type>
					<integer/>
				</gui_type>
			</element>
		</group>
		<group name="g_nativePoolIdleCount" switch="0">
			<short_description>nativePoolIdleCount</short_description>
			<long_description>Array</long_description>
			<element name='nativePoolIdleCount' parameter_type='output' data_type='integer'
			gui_basic='1' range_type='0' units=''>
				<control_options>size:8</control_options>
				<default_value></default_value>
				<short_description>nativePoolIdleCount</short_description>
				<long_description>nativePoolIdleCount</long_description>
				<validation_rule/>
				<error_message/>
				<gui_type>
					<integer/>
				</gui_type>
			</element>
		</group>
		<group name="g_nativePoolIdlePeakCount" switch="0">
			<short_description>nativePoolIdlePeakCount</short_description>
			<long_description>Array</long_description>
			<element name='nativePoolIdlePeakCount' parameter_type='output' data_type='integer'
			gui_basic='1' range_type='0' units=''>
				<control_options>size:8</control_options>
				<default_value></default_value>
				<short_description>nativePoolIdlePeakCount</short_description>
				<long_description>nativePoolIdlePeakCount</long_description>
				<validation_rule/>
				<error_message/>
				<gui_type>
					<integer/>
				</gui_type>
			</element>
		</group>
		<group name="g_workQueueLengthCount" switch="0">
			<short_description>workQueueLengthCount</short_description>
			<long_description>Array</long_description>
			<element name='workQueueLengthCount' parameter_type='output' data_type='integer'
			gui_basic='1' range_type='0' units=''>
				<control_options>size:8</control_options>
				<default_value></default_value>
				<short_description>workQueueLengthCount</short_description>
				<long_description>workQueueLengthCount</long_description>
				<validation_rule/>
				<error_message/>
				<gui_type>
					<integer/>
				</gui_type>
			</element>
		</group>
		<group name="g_workQueuePeakCount" switch="0">
			<short_description>workQueuePeakCount</short_description>
			<long_description>Array</long_description>
			<element name='workQueuePeakCount' parameter_type='output' data_type='integer'
			gui_basic='1' range_type='0' units=''>
				<control_options>size:8</control_options>
				<default_value></default_value>
				<short_description>workQueuePeakCount</short_description>
				<long_description>workQueuePeakCount</long_description>
				<validation_rule/>
				<error_message/>
				<gui_type>
					<integer/>
				</gui_type>
			</element>
		</group>
		<group name="g_requestProcessingTimeAvg" switch="0">
			<short_description>requestProcessingTimeAvg</short_description>
			<long_description>Array</long_description>
			<element name='requestProcessingTimeAvg' parameter_type='output' data_type='decimal'
			gui_basic='1' range_type='0' units=''>
				<control_options>size:8</control_options>
				<default_value></default_value>
				<short_description>requestProcessingTimeAvg</short_description>
				<long_description>requestProcessingTimeAvg</long_description>
				<validation_rule/>
				<error_message/>
				<gui_type>
					<integer/>
				</gui_type>
			</element>
		</group>
		<group name="g_requestCount" switch="0">
			<short_description>requestCount</short_description>
			<long_description>Array</long_description>
			<element name='requestCount' parameter_type='output' data_type='integer'
			gui_basic='1' range_type='0' units=''>
				<control_options>size:8</control_options>
				<default_value></default_value>
				<short_description>requestCount</short_description>
				<long_description>requestCount</long_description>
				<validation_rule/>
				<error_message/>
				<gui_type>
					<integer/>
				</gui_type>
			</element>
		</group>
		<group name="g_invocationCount" switch="0">
			<short_description>invocationCount</short_description>
			<long_description>Array</long_description>
			<element name='invocationCount' parameter_type='output' data_type='integer'
			gui_basic='1' range_type='0' units=''>
				<control_options>size:8</control_options>
				<default_value></default_value>
				<short_description>invocationCount</short_description>
				<long_description>invocationCount</long_description>
				<validation_rule/>
				<error_message/>
				<gui_type>
					<integer/>
				</gui_type>
			</element>
		</group>
		<group name="g_latencyAvg" switch="0">
			<short_description>latencyAvg</short_description>
			<long_description>Array</long_description>
			<element name='latencyAvg' parameter_type='output' data_type='decimal'
			gui_basic='1' range_type='0' units=''>
				<control_options>size:8</control_options>
				<default_value></default_value>
				<short_description>latencyAvg</short_description>
				<long_description>latencyAvg</long_description>
				<validation_rule/>
				<error_message/>
				<gui_type>
					<integer/>
				</gui_type>
			</element>
		</group>
		<group name="g_functionProcessingTimeAvg" switch="0">
			<short_description>functionProcessingTimeAvg</short_description>
			<long_description>Array</long_description>
			<element name='functionProcessingTimeAvg' parameter_type='output' data_type='decimal'
			gui_basic='1' range_type='0' units=''>
				<control_options>size:8</control_options>
				<default_value></default_value>
				<short_description>functionProcessingTimeAvg</short_description>
				<long_description>functionProcessingTimeAvg</long_description>
				<validation_rule/>
				<error_message/>
				<gui_type>
					<integer/>
				</gui_type>
			</element>
		</group>
		<group name="g_totalResponseTimeAvg" switch="0">
			<short_description>totalResponseTimeAvg</short_description>
			<long_description>Array</long_description>
			<element name='totalResponseTimeAvg' parameter_type='output' data_type='decimal'
			gui_basic='1' range_type='0' units=''>
				<control_options>size:8</control_options>
				<default_value></default_value>
				<short_description>totalResponseTimeAvg</short_description>
				<long_description>totalResponseTimeAvg</long_description>
				<validation_rule/>
				<error_message/>
				<gui_type>
					<integer/>
				</gui_type>
			</element>
		</group>
		<group name="timerresult" switch="0">
			<short_description/>
			<long_description/>
			<element name="timer" parameter_type="output" data_type="integer" gui_basic="0" range_type="0" units="ms">
				<control_options>size:8</control_options>
				<default_value/>
				<short_description>Response time</short_description>
				<long_description>Response time in ms</long_description>
				<validation_rule/>
				<error_message/>
				<gui_type>
					<integer/>
				</gui_type>
			</element>
		</group>	
	</elements>
	<help>When running a custom script check, note that the second parameter is always the name of the assigned host.
	The script that's executed should output each variable on it's own line, otherwise up.time won't be able to capture the appropriate information.</help>
</uptime>
